rank,symbol,name,exchange,price,return_1d,return_5d,return_20d,volume_ratio_20d,price_vs_sma20,sma20_vs_sma50,distance_from_20d_high,rsi_14,price_as_of,price_momentum_score,market_cap,news_signal,news_count,headlines,news_urls,latest_news_utc,news_score,combined_score,signal,research_status,scan_status,history_coverage_ratio
1,MMED,"MiniMed Group, Inc. - Common Stock",NASDAQ,23.760000228881836,0.059768,0.219087,0.280172,2.674932,0.181179,0.129361,0.0,72.104025,2026-09-02,79.250226,6684874424.955889,0.5,5,"MiniMed Type 2 Diabetes Patient Retention Holding Steady, UBS Says | MiniMed (MMED) Soars on Revenue Growth, Price Target Hike; Hedge Fund Conviction Weakens | UBS Raises Price Target on MiniMed to $28 From $25, Keeps Buy Rating",https://finance.yahoo.com/healthcare/articles/minimed-type-2-diabetes-patient-193315104.html | https://finance.yahoo.com/markets/stocks/articles/minimed-mmed-soars-revenue-growth-033324812.html | https://finance.yahoo.com/markets/stocks/articles/ubs-raises-price-target-minimed-120315564.html,2026-09-02T19:33:15+00:00,60.0,76.362692,Strong momentum,Idea candidate — deeper research required,COMPLETE,0.9994456762749445
2,GTLB,GitLab Inc. - Class A Common Stock,NASDAQ,49.59000015258789,0.0998,0.200436,0.371405,4.784512,0.168831,0.165151,0.0,67.237579,2026-09-02,79.112566,8375751025.772095,0.3,5,"GitLab Q2 Earnings Beat on Revenue Growth and Sales Productivity | GTLB Q2 Deep Dive: Flex Model, AI Tailwinds, and New Product Momentum | GTLB Q2 Earnings Call Puts Flex, AI and Sales Momentum in Focus",https://finance.yahoo.com/markets/stocks/articles/gitlab-q2-earnings-beat-revenue-172700924.html | https://finance.yahoo.com/markets/stocks/articles/gtlb-q2-deep-dive-flex-081424085.html | https://finance.yahoo.com/markets/stocks/articles/gtlb-q2-earnings-call-puts-140000478.html,2026-09-02T17:27:00+00:00,56.0,75.645681,Strong momentum,Idea candidate — deeper research required,COMPLETE,0.9994456762749445
3,CNH,CNH Industrial N.V. Common Shares,NYSE,13.649999618530273,0.092,0.174699,0.26506,2.386938,0.219349,0.026679,0.0,82.086626,2026-09-02,79.532608,21951366242.136124,0.0,5,Why Is CNH (CNH) Up 11.4% Since Last Earnings Report? | This Sector Is Fertile Ground For Buy Opportunities | CNH Industrial Partners With Bourgault for Co-Branded Seeding Line,https://finance.yahoo.com/markets/stocks/articles/why-cnh-cnh-11-4-153005262.html | https://finance.yahoo.com/m/ade3ed86-f98b-31ae-b255-1d6c7760e993/this-sector-is-fertile-ground.html | https://finance.yahoo.com/technology/articles/cnh-industrial-partners-bourgault-co-171241659.html,2026-09-02T19:06:41+00:00,50.0,75.102717,Strong momentum,Idea candidate — deeper research required,COMPLETE,0.9994456762749445
4,TARS,"Tarsus Pharmaceuticals, Inc. - Common Stock",NASDAQ,82.76000213623047,0.117623,0.158293,0.354279,2.44906,0.170679,0.087617,0.0,76.984975,2026-09-02,79.388295,3631756842.704193,0.0,5,"Tarsus to Participate in Upcoming Investor Conferences | Meet The EMBA Class Of Entrepreneurs: Executives Today, Founders Tomorrow | Xense Robotics CEO Daolin Ma Publishes Bylined Article in the World Economic Forum",https://finance.yahoo.com/healthcare/articles/tarsus-participate-upcoming-investor-conferences-203000987.html | https://finance.yahoo.com/small-business/articles/meet-emba-class-entrepreneurs-executives-142219443.html | https://finance.yahoo.com/technology/ai/articles/xense-robotics-ceo-daolin-ma-104300883.html,2026-09-01T20:30:00+00:00,50.0,74.980051,Strong momentum,Idea candidate — deeper research required,COMPLETE,0.9994456762749445
5,FTH,"Faeth Therapeutics, Inc.  - Common Stock",NASDAQ,39.119998931884766,0.133584,0.186533,0.590891,1.935026,0.228508,0.088376,0.0,78.70723,2026-09-02,79.027258,1008464828.9453201,0.1,5,"What Makes Faeth Therapeutics, Inc. (FTH) a Strong Momentum Stock: Buy Now? | Faeth Therapeutics to Participate in Upcoming September Investor Conferences | Faeth Therapeutics Announces Inducement Grants Under Nasdaq Listing Rule 5635(c)(4)",https://finance.yahoo.com/markets/stocks/articles/makes-faeth-therapeutics-inc-fth-160002087.html | https://finance.yahoo.com/healthcare/articles/faeth-therapeutics-participate-upcoming-september-113000001.html | https://finance.yahoo.com/healthcare/articles/faeth-therapeutics-announces-inducement-grants-113000373.html,2026-09-01T16:00:02+00:00,52.0,74.973169,Strong momentum,Idea candidate — deeper research required,COMPLETE,0.9994456762749445
6,FMC,FMC Corporation Common Stock,NYSE,13.329999923706055,0.122054,0.203069,0.236549,2.212523,0.22389,-0.0129,0.0,84.835157,2026-09-02,79.315601,1669273754.3159504,0.0,5,"ETF League Tables: YieldMax Gains $60M | Phosalone Insecticide Market Outlook 2026-2030 Featuring Profiles of Leading Companies Bayer, Syngenta and UPL | ETF League Tables: Invesco Inflows Jump",https://finance.yahoo.com/m/2702a3b9-db88-3fe1-91db-5b58ace4c68f/etf-league-tables%3A-yieldmax.html | https://finance.yahoo.com/markets/commodities/articles/phosalone-insecticide-market-outlook-2026-120200784.html | https://finance.yahoo.com/m/10254e5a-0e8e-38b8-9d99-ee3468b09074/etf-league-tables%3A-invesco.html,2026-09-02T21:00:06+00:00,50.0,74.918261,Strong momentum,Idea candidate — deeper research required,COMPLETE,0.9994456762749445
7,MNTK,"Montauk Renewables, Inc. - Common Stock",NASDAQ,2.130000114440918,0.210227,0.196629,0.245614,7.51414,0.161396,0.056026,0.0,65.822796,2026-09-02,78.992187,303186642.3596506,0.0,5,Should Value Investors Buy Montauk Renewables (MNTK) Stock? | Montauk Renewables (MNTK) Q2 2026 Earnings Call Transcript | Montauk Renewables (MNTK) Reports Break-Even Earnings for Q2,https://finance.yahoo.com/markets/stocks/articles/value-investors-buy-montauk-renewables-134003898.html | https://finance.yahoo.com/m/cbf72b58-9dcd-3211-8769-d5e63ecd0c47/montauk-renewables-%28mntk%29-q2.html | https://finance.yahoo.com/energy/articles/montauk-renewables-mntk-reports-break-003511039.html,2026-09-02T13:40:03+00:00,50.0,74.643359,Strong momentum,Idea candidate — deeper research required,COMPLETE,0.9994456762749445
8,ATRC,"AtriCure, Inc. - Common Stock",NASDAQ,52.59000015258789,0.07502,0.091758,0.336807,1.839913,0.136798,0.182699,0.0,83.955214,2026-09-02,78.606645,2675058409.2215805,0.1,5,"Needham Raises Price Target on AtriCure to $64 From $45, Keeps Buy Rating | Is AtriCure (ATRC) Outperforming Other Medical Stocks This Year? | Atricure Insider Sold Shares Worth $458,099, According to a Recent SEC Filing",https://finance.yahoo.com/markets/stocks/articles/needham-raises-price-target-atricure-110651856.html | https://finance.yahoo.com/markets/stocks/articles/atricure-atrc-outperforming-other-medical-134002926.html | https://finance.yahoo.com/markets/stocks/articles/atricure-insider-sold-shares-worth-105831178.html,2026-09-02T11:06:51+00:00,52.0,74.615648,Strong momentum,Idea candidate — deeper research required,COMPLETE,0.9994456762749445
9,VSTM,"Verastem, Inc. - Common Stock",NASDAQ,8.020000457763672,0.053877,0.08525,0.366269,2.549508,0.136863,0.177084,0.0,71.42858,2026-09-02,78.495762,726318838.2766533,0.1,5,Verastem Oncology to Participate in Upcoming September Investor Conferences | Verastem (VSTM) Stock Sees Fair Value Moves Lower As Analysts Cut Revenue Views | Verastem (VSTM) Q2 2026 Earnings Call Transcript,https://finance.yahoo.com/healthcare/articles/verastem-oncology-participate-upcoming-september-113000402.html | https://finance.yahoo.com/markets/stocks/articles/verastem-vstm-stock-sees-fair-181734822.html | https://finance.yahoo.com/m/5546da6a-3810-36ff-a1e0-56cb3524e6c7/verastem-%28vstm%29-q2-2026.html,2026-09-02T11:30:00+00:00,52.0,74.521398,Strong momentum,Idea candidate — deeper research required,COMPLETE,0.9994456762749445
10,CABA,"Cabaletta Bio, Inc. - Common Stock",NASDAQ,3.569999933242798,0.081818,0.098462,0.317343,1.790907,0.175889,0.036071,0.0,77.215176,2026-09-02,78.42221,605277227.3316205,0.1,5,"Autoimmune CAR-T faces tough questions after Novartis, Bristol Myers study halts | Cabaletta Bio to Participate in Upcoming Investor Conferences | Bonaventure Breaks Ground on $93.3 Million Development, Largest in the Firm’s 26-Year History – Attain at Swift Creek",https://finance.yahoo.com/m/83974e62-c412-3abc-b3ba-63cdd4efb826/autoimmune-car-t-faces-tough.html | https://finance.yahoo.com/healthcare/articles/cabaletta-bio-participate-upcoming-investor-120000015.html | https://finance.yahoo.com/real-estate/articles/bonaventure-breaks-ground-93-3-140000279.html,2026-09-02T12:32:00+00:00,52.0,74.458878,Strong momentum,Idea candidate — deeper research required,COMPLETE,0.9994456762749445
11,DSX,Diana Shipping inc. common stock,NYSE,3.009999990463257,0.094545,0.127341,0.184863,3.122213,0.151144,0.111651,0.0,82.341707,2026-09-02,78.022624,374485286.98349833,0.2,5,Nvidia (NVDA) Q2 2027 Earnings Call Transcript | IREN (IREN) Q4 2026 Earnings Call Transcript | Should Eaton’s AI Data Center and Healthcare Deals With Trane Signal a Strategic Shift for ETN Investors?,https://finance.yahoo.com/m/559b45df-9f5d-3c8c-b3ac-7b450e175ad3/nvidia-%28nvda%29-q2-2027.html | https://finance.yahoo.com/m/f58162c0-a1ef-3cc0-97a5-7a2450cbda49/iren-%28iren%29-q4-2026-earnings.html | https://finance.yahoo.com/technology/ai/articles/eaton-ai-data-center-healthcare-090651273.html,2026-08-31T13:49:39+00:00,54.0,74.41923,Strong momentum,Idea candidate — deeper research required,COMPLETE,0.9994456762749445
12,RSKD,Riskified Ltd. Class A Ordinary Shares,NYSE,6.650000095367432,0.074313,0.113903,0.269084,1.837537,0.106581,0.093591,0.0,55.747137,2026-09-02,77.720859,878050943.6920996,0.2,5,"Riskified Expands Platform With Conversational AI Capability ARIA | Riskified Expands its Risk Intelligence Platform with ARIA | Riskified Insider Sold Shares Worth $1,402,642, According to a Recent SEC Filing",https://finance.yahoo.com/technology/ai/articles/riskified-expands-platform-conversational-ai-124645077.html | https://finance.yahoo.com/technology/ai/articles/riskified-expands-risk-intelligence-platform-120000235.html | https://finance.yahoo.com/markets/stocks/articles/riskified-insider-sold-shares-worth-201738928.html,2026-09-01T12:46:45+00:00,54.0,74.16273,Strong momentum,Idea candidate — deeper research required,COMPLETE,0.9994456762749445
13,CURR,Currenc Group Inc. - Ordinary Shares,NASDAQ,4.010000228881836,0.193452,0.162319,0.2263,5.992608,0.127989,0.087555,-0.009877,57.835825,2026-09-02,78.309446,450250384.549284,0.0,5,"Alumis’ lupus drug heads to Phase III despite mid-stage miss | Application Open for $5,000 Grants Supporting High School Culinary Education Programs | Guardant Health’s Shield Blood Test Covered by Carelon Health Services for Colorectal Cancer Screening",https://finance.yahoo.com/m/63142359-acc1-3e22-8bec-94b9be14f34c/alumis%E2%80%99-lupus-drug-heads-to.html | https://finance.yahoo.com/small-business/articles/application-open-5-000-grants-172600458.html | https://finance.yahoo.com/healthcare/articles/guardant-health-shield-blood-test-120500850.html,2026-09-02T11:03:06+00:00,50.0,74.063029,Strong momentum,Idea candidate — deeper research required,COMPLETE,0.9994456762749445
14,XP,XP Inc. - Class A Common Stock,NASDAQ,19.989999771118164,0.067842,0.122403,0.177267,1.75969,0.184382,0.011749,0.0,85.714274,2026-09-02,76.843858,9908869453.30526,0.4,5,XP Inc (XP) (Q2 2026) Earnings Call Highlights: Record Client Assets and Strategic Resilience ... | Wall Street Analysts Think XP Inc.A (XP) Could Surge 39.2%: Read This Before Placing a Bet | XP (XP) Stock May Be 34% Undervalued Following Strong Q2 Earnings,https://finance.yahoo.com/markets/stocks/articles/xp-inc-xp-q2-2026-030103841.html | https://finance.yahoo.com/markets/stocks/articles/wall-street-analysts-think-xp-135504275.html | https://finance.yahoo.com/markets/stocks/articles/xp-xp-stock-may-34-181326750.html,2026-08-25T03:01:03+00:00,58.0,74.01728,Strong momentum,Idea candidate — deeper research required,COMPLETE,0.9994456762749445
15,TITN,Titan Machinery Inc. - Common Stock,NASDAQ,23.389999389648438,0.138754,0.243488,0.189725,2.575183,0.231085,-0.004928,0.0,73.047218,2026-09-02,77.874699,545037975.977478,0.1,5,Titan Machinery Shares Rise After Upgrade From Baird | Titan Machinery (TITN) Q2 2027 Earnings Call Transcript | How Deere Stock Can Hit $800. A Farming Recovery Is Coming.,https://finance.yahoo.com/markets/stocks/articles/titan-machinery-shares-rise-upgrade-190242037.html | https://finance.yahoo.com/m/12df622d-c3d2-3c9e-98d3-17eb17d4b412/titan-machinery-%28titn%29-q2.html | https://finance.yahoo.com/m/c92061c8-d72b-3a8d-9715-5264f05c739a/how-deere-stock-can-hit-%24800..html,2026-08-31T19:02:42+00:00,52.0,73.993494,Strong momentum,Idea candidate — deeper research required,COMPLETE,0.9994456762749445
16,SENEB,Seneca Foods Corp. - Class B Common Stock,NASDAQ,207.25999450683594,0.070171,0.102447,0.212685,3.118801,0.103735,0.066599,0.0,68.291664,2026-09-02,77.938665,1403244880.628769,0.0,5,"Why Seneca Foods Looks Ripe For A Takeover | Seneca Foods Reports Sales and Earnings for the Three Months Ended June 27, 2026 | Seneca Stock Gains Following Q1 Earnings, Sales Increase Y/Y",https://finance.yahoo.com/m/137e2642-77c8-3309-8b7c-cadf1f0a6c56/why-seneca-foods-looks-ripe.html | https://finance.yahoo.com/markets/stocks/articles/seneca-foods-reports-sales-earnings-201500949.html | https://finance.yahoo.com/markets/stocks/articles/seneca-stock-gains-following-q1-173000856.html,2026-08-12T19:07:32+00:00,50.0,73.747865,Strong momentum,Idea candidate — deeper research required,COMPLETE,0.9994456762749445
17,VEON,VEON Ltd. - American Depositary Shares,NASDAQ,65.7699966430664,0.055359,0.088547,0.206346,1.900901,0.117188,0.0709,0.0,78.362574,2026-09-02,77.422712,4529000563.987541,0.1,5,"VEON to Release 3Q26 Earnings on November 6, 2026, Capital Markets Day Scheduled for November 16, 2026 | Veon's Banglalink Obtains Regulatory Approval to Launch Digital Payment Service in Bangladesh | Are Investors Undervaluing VEON (VEON) Right Now?",https://finance.yahoo.com/markets/stocks/articles/veon-release-3q26-earnings-november-110000153.html | https://finance.yahoo.com/technology/articles/veon-apos-banglalink-obtains-regulatory-125414166.html | https://finance.yahoo.com/markets/stocks/articles/investors-undervaluing-veon-veon-now-134004711.html,2026-09-02T11:00:00+00:00,52.0,73.609305,Strong momentum,Idea candidate — deeper research required,COMPLETE,0.9994456762749445
18,SLBT,SL Science Holding Limited - Ordinary Shares,NASDAQ,3.309999942779541,0.18638,0.273077,0.182143,2.668788,0.213121,-0.193825,0.0,74.590164,2026-09-02,77.739009,1856114763.5830693,0.0,5,"SL Science Holding Limited Rings Nasdaq Bell, Capping an Active First Quarter as a Publicly Traded Company | SL Science Files FDA Drug Master File for GDT Cell-Derived Exosomes | SL Science Highlights New FDA Drug Master File for GDT Cell-Derived Exosomes, Expanding the Regulatory Foundation of its Platform",https://finance.yahoo.com/healthcare/articles/sl-science-holding-limited-rings-201000796.html | https://finance.yahoo.com/healthcare/articles/sl-science-files-fda-drug-124107046.html | https://finance.yahoo.com/healthcare/articles/sl-science-highlights-fda-drug-120000140.html,2026-09-02T20:10:00+00:00,50.0,73.578158,Strong momentum,Idea candidate — deeper research required,COMPLETE,0.9994456762749445
19,ALNY,"Alnylam Pharmaceuticals, Inc. - Common Stock",NASDAQ,267.3999938964844,0.086506,0.118828,0.169115,1.882969,0.148253,-0.10418,0.0,74.423965,2026-09-02,76.813121,35780557336.49396,0.2,5,Alnylam to Webcast Presentations at Upcoming September Investor Conferences | TG Therapeutics (TGTX) Up 15.1% Since Last Earnings Report: Can It Continue? | 4 Rare Disease Drugmakers With Strong Long-Term Growth Prospects,https://finance.yahoo.com/healthcare/articles/alnylam-webcast-presentations-upcoming-september-120000133.html | https://finance.yahoo.com/healthcare/articles/tg-therapeutics-tgtx-15-1-153011451.html | https://finance.yahoo.com/healthcare/articles/4-rare-disease-drugmakers-strong-145600171.html,2026-09-02T15:30:11+00:00,54.0,73.391153,Strong momentum,Idea candidate — deeper research required,COMPLETE,0.9994456762749445
20,IRD,"Opus Genetics, Inc. - Common Stock",NASDAQ,4.449999809265137,0.16188,0.171053,0.177249,5.04754,0.156295,0.031161,0.0,66.515834,2026-09-02,77.394852,370221396.4816561,0.0,5,Opus Genetics to Present OPGx-BEST1 Cohort 1 Clinical Data in Investor Webcast and at Upcoming Leading Ophthalmology Conferences | Opus Genetics shares rise 5.9% ahead of OPGx-BEST1 trial data | Does the Nepal glacier collapse signal a new climate risk?,https://finance.yahoo.com/healthcare/articles/opus-genetics-present-opgx-best1-110000700.html | https://finance.yahoo.com/m/bc4738cc-c4cd-3b32-af1a-1ccc0b0919dd/opus-genetics-shares-rise.html | https://finance.yahoo.com/m/5b7de5be-c827-3691-abd6-8b4ba63bc42e/does-the-nepal-glacier.html,2026-09-02T11:00:00+00:00,50.0,73.285624,Strong momentum,Idea candidate — deeper research required,COMPLETE,0.9994456762749445
